Stage,UG,Point,B,L,Y_1m_1,Y_1m_2,Y_1m_3,Y_1m_4,Y_1m_5,Y_3cm_1,Y_3cm_2,Y_3cm_3,Y_3cm_4,Y_3cm_5,"M_soil, g","SA_Soil, Bq/kg",+/-,Soil_0_5,Soil_5_10,Soil_10_15,Soil_15_20,Wood,Y_1m,Y_3cm,формация,тип,возраст,запас,"ПЗ, кБк/м2","ПЗ, Ки/км2"
6,Уг71,116.23,53.2388096194445,30.7740316361111,116,119,121,117,107,147,149,138,135,143,1708,431,54,,,,,,0.116,0.1424,поле,,,,3.0,0.1
6,,116.3,53.23927636440613,30.774725785808393,,,,,,,,,,,,,,,,,,,#DIV/0!,#DIV/0!,,,,,,
6,,116.4,53.23994317490043,30.77571747579077,109,141,135,127,134,129,124,151,186,172,1571,557,70,,,,,,0.1292,0.1524,,,,,,
6,,116.5,53.24060998539473,30.776709165773152,,,,,,,,,,,,,,,,,,,#DIV/0!,#DIV/0!,,,,,,
6,,116.6,53.24127679588903,30.77770085575553,,,,,,,,,,,,,,,,,,,#DIV/0!,#DIV/0!,,,,,,
6,,116.7,53.24194360638333,30.778692545737908,,,,,,,,,,,,,,,,,,,#DIV/0!,#DIV/0!,,,,,,
6,,116.8,53.24261041687763,30.77968423572029,,,,,,,,,,,,,,,,,,,#DIV/0!,#DIV/0!,,,,,,
6,,116.9,53.243277227371934,30.780675925702667,,,,,,,,,,,,,,,,,,,#DIV/0!,#DIV/0!,,,,,,
6,,117.0,53.243944037866235,30.78166761568505,,,,,,,,,,,,,,,,,,,#DIV/0!,#DIV/0!,,,,,,
6,,117.1,53.24461084836054,30.782659305667426,164,176,215,198,199,230,210,241,238,251,1316,918,114,,,,,,0.1904,0.234,кустарники,,,,,
6,,117.2,53.24527765885484,30.783650995649804,141,152,158,155,139,193,170,182,175,157,,,,,,,,,0.149,0.1754,дорога,,,,,
6,,117.3,53.24594446934914,30.784642685632186,171,146,144,149,153,168,171,156,163,178,1629,534,67,,,,,,0.1526,0.1672,поле,,,,,
6,,117.4,53.24661127984344,30.785634375614563,,,,,,,,,,,,,,,,,,,#DIV/0!,#DIV/0!,,,,,,
6,,117.5,53.24727809033774,30.786626065596945,,,,,,,,,,,,,,,,,,,#DIV/0!,#DIV/0!,,,,,,
6,,117.6,53.24794490083204,30.787617755579323,,,,,,,,,,,,,,,,,,,#DIV/0!,#DIV/0!,,,,,,
6,,117.7,53.24861171132634,30.7886094455617,,,,,,,,,,,,,,,,,,,#DIV/0!,#DIV/0!,,,,,,
6,,117.8,53.24927852182064,30.789601135544082,,,,,,,,,,,,,,,,,,,#DIV/0!,#DIV/0!,,,,,,
6,,117.9,53.249945332314944,30.79059282552646,,,,,,,,,,,,,,,,,,,#DIV/0!,#DIV/0!,,,,,,
6,,118.0,53.250612142809246,30.79158451550884,152,134,196,168,138,179,128,177,197,144,,,,,,,,,0.1576,0.165,,,,,,
6,,118.1,53.25127895330355,30.79257620549122,150,147,158,163,164,174,153,156,175,170,1714,559,70,,,,,,0.1564,0.1656,поле,,,,,
6,,118.2,53.25194576379785,30.793567895473597,109,124,137,142,142,119,142,155,171,159,,,,,,,,,0.1308,0.1492,дорога,,,,,
6,,118.3,53.25261257429215,30.79455958545598,,,,,,,,,,,,,,,,,,,#DIV/0!,#DIV/0!,,,,,,
6,,118.4,53.25327938478645,30.795551275438356,,,,,,,,,,,,,,,,,,,#DIV/0!,#DIV/0!,,,,,,
6,,118.5,53.25394619528075,30.796542965420738,,,,,,,,,,,,,,,,,,,#DIV/0!,#DIV/0!,,,,,,
6,,118.6,53.25461300577505,30.797534655403116,,,,,,,,,,,,,,,,,,,#DIV/0!,#DIV/0!,,,,,,
6,,118.7,53.25527981626935,30.798526345385493,116,127,112,114,92,99,119,90,129,95,1210,127,16,,,,,,0.1122,0.1064,,,,,,
6,,118.8,53.25594662676365,30.799518035367875,,,,,,,,,,,,,,,,,,,#DIV/0!,#DIV/0!,,,,,,
6,,118.9,53.256613437257954,30.800509725350253,,,,,,,,,,,,,,,,,,,#DIV/0!,#DIV/0!,,,,,,
6,,119.0,53.257280247752256,30.801501415332634,,,,,,,,,,,,,,,,,,,#DIV/0!,#DIV/0!,,,,,,
6,Уг72,119.09,53.257880352777796,30.802393900000002,,,,,,,,,,,,,,,,,,,#DIV/0!,#DIV/0!,,,,,,
6,,119.1,53.25796076048298,30.802466255548463,,,,,,,,,,,,,,,,,,,#DIV/0!,#DIV/0!,,,,,,
6,,119.2,53.25876454318084,30.803189546156148,176,158,179,173,150,174,186,203,180,188,1539,679,85,,,,,,0.1672,0.1862,поле с клевером,,,,,
6,,119.3,53.25956832587869,30.803912836763836,155,145,151,185,172,171,150,175,197,207,,,,,,,,,0.1616,0.18,дорога между полями,,,,,
6,,119.4,53.26037210857654,30.80463612737152,,,,,,,,,,,,,,,,,,,#DIV/0!,#DIV/0!,,,,,,
6,,119.5,53.2611758912744,30.805359417979204,170,165,172,153,149,182,223,189,197,180,1294,622,78,,,,,,0.1618,0.1942,поле с рапсом,,,,,
6,,119.6,53.26197967397225,30.806082708586892,,,,,,,,,,,,,,,,,,,#DIV/0!,#DIV/0!,,,,,,
6,,119.7,53.2627834566701,30.806805999194577,175,169,178,177,174,209,196,202,225,224,,,,,,,,,0.1746,0.2112,,,,,,
6,,119.8,53.26358723936795,30.80752928980226,,,,,,,,,,,,,,,,,,,#DIV/0!,#DIV/0!,,,,,,
6,,119.9,53.26439102206581,30.808252580409945,250,198,186,213,202,270,192,205,235,236,1418,1063,134,,,,,,0.2098,0.2276,,,,,,
6,,120.0,53.26519480476366,30.808975871017633,,,,,,,,,,,,,,,,,,,#DIV/0!,#DIV/0!,,,,,,
6,,120.1,53.26599858746151,30.809699161625318,204,226,221,235,211,209,234,227,220,232,1258,946,119,,,,,,0.2194,0.2244,поле с рапсом,,,,,
6,,120.2,53.26680237015937,30.810422452233002,,,,,,,,,,,,,,,,,,,#DIV/0!,#DIV/0!,,,,,,
6,,120.3,53.26760615285722,30.81114574284069,,,,,,,,,,,,,,,,,,,#DIV/0!,#DIV/0!,,,,,,
6,,120.4,53.26840993555507,30.811869033448374,160,176,174,150,169,184,202,196,145,177,,,,,,,,,0.1658,0.1808,,,,,,
6,,120.5,53.26921371825292,30.81259232405606,,,,,,,,,,,,,,,,,,,#DIV/0!,#DIV/0!,,,,,,
6,,120.6,53.27001750095078,30.813315614663743,239,210,211,210,236,204,198,202,260,270,1346,1090,137,,,,,,0.2212,0.2268,,,,,,
6,,120.7,53.27082128364863,30.81403890527143,,,,,,,,,,,,,,,,,,,#DIV/0!,#DIV/0!,,,,,,
6,Уг73,120.72,53.27098205,30.8141835722222,,,,,,,,,,,,,,,,,,,#DIV/0!,#DIV/0!,,,,,,
6,,120.8,53.27168926697854,30.814317653627235,226,215,228,218,243,236,267,212,237,265,,,,,,,,,0.226,0.2434,,,,,,
6,,120.9,53.27257330169102,30.814485257940966,205,221,218,217,226,241,241,220,228,244,1037,977,123,,,,,,0.2174,0.2348,,,,,,
6,,121.0,53.273457336403496,30.8146528622547,173,190,179,162,161,184,215,198,178,217,,,,,,,,,0.173,0.1984,конец поля,,,,,
6,,121.1,53.27434137111597,30.814820466568435,237,270,280,157,300,290,320,310,120,350,1491,1207,152,,,,,,0.2488,0.278,лесок,,,,,
6,,121.2,53.27522540582845,30.814988070882166,172,168,241,136,180,202,182,310,168,206,,,,,,,,,0.1794,0.2136,дорога с пролеском,,,,,
6,,121.3,53.27610944054093,30.8151556751959,,,,,,,,,,,,,,,,,,,#DIV/0!,#DIV/0!,,,,,,
6,,121.4,53.276993475253406,30.815323279509634,,,,,,,,,,,,,,,,,,,#DIV/0!,#DIV/0!,,,,,,
6,,121.5,53.27787750996588,30.815490883823365,,,,,,,,,,,,,,,,,,,#DIV/0!,#DIV/0!,,,,,,
6,,121.6,53.27876154467835,30.8156584881371,,,,,,,,,,,,,,,,,,,#DIV/0!,#DIV/0!,,,,,,
6,,121.7,53.27964557939083,30.815826092450834,147,169,149,154,142,169,187,168,186,160,668,1054,132,,,,,,0.1522,0.174,пойма речки,,,,,
6,,121.8,53.28052961410331,30.815993696764565,,,,,,,,,,,,,,,,,,,#DIV/0!,#DIV/0!,,,,,,
6,,121.9,53.281413648815786,30.8161613010783,,,,,,,,,,,,,,,,,,,#DIV/0!,#DIV/0!,,,,,,
6,,122.0,53.28229768352826,30.816328905392034,,,,,,,,,,,,,,,,,,,#DIV/0!,#DIV/0!,,,,,,
6,,122.1,53.28318171824074,30.816496509705765,107,130,109,114,125,145,147,154,151,129,,,,,,,,,0.117,0.1452,поле,,,,,
6,,122.2,53.28406575295322,30.8166641140195,127,,,,,136,,,,,,,,,,,,,0.127,0.136,,,,,,
6,,122.3,53.284949787665695,30.816831718333233,210,210,209,225,240,270,265,267,271,270,987,961,121,,,,,,0.2188,0.2686,поле,,,,,
6,,122.4,53.28583382237817,30.816999322646964,,,,,,,,,,,,,,,,,,,#DIV/0!,#DIV/0!,"окраина леса береза, осина, рябина",,,,,
6,,122.5,53.28671785709065,30.8171669269607,,,,,,,,,,,,,,,,,,,#DIV/0!,#DIV/0!,,,,,,
6,,122.6,53.28760189180312,30.817334531274433,,,,,,,,,,,,,,,,,,,#DIV/0!,#DIV/0!,,,,,,
6,,122.7,53.2884859265156,30.817502135588164,245,245,250,260,270,254,300,260,270,300,1027,633,80,,,,,,0.254,0.2768,"лес сосна,рябина, ель",,,,,
6,,122.8,53.289369961228076,30.8176697399019,,,,,,,,,,,,,,,,,,,#DIV/0!,#DIV/0!,,,,,,
6,,122.9,53.29025399594055,30.817837344215633,,,,,,,,,,,,,,,,,,,#DIV/0!,#DIV/0!,,,,,,
6,,123.0,53.29113803065303,30.818004948529364,,,,,,,,,,,,,,,,,,,#DIV/0!,#DIV/0!,,,,,,
6,,123.1,53.29202206536551,30.818172552843098,115,158,111,115,128,128,147,130,135,170,1547,485,61,,,,,,0.1254,0.142,поле паханное,,,,,
6,,123.2,53.292906100077985,30.818340157156833,,,,,,,,,,,,,,,,,,,#DIV/0!,#DIV/0!,,,,,,
6,,123.3,53.29379013479046,30.818507761470563,,,,,,,,,,,,,,,,,,,#DIV/0!,#DIV/0!,,,,,,
6,,123.4,53.29467416950294,30.818675365784298,,,,,,,,,,,,,,,,,,,#DIV/0!,#DIV/0!,,,,,,
6,,123.5,53.29555820421542,30.818842970098032,,,,,,,,,,,,,,,,,,,#DIV/0!,#DIV/0!,,,,,,
6,,123.6,53.29644223892789,30.819010574411763,,,,,,,,,,,,,,,,,,,#DIV/0!,#DIV/0!,,,,,,
6,,123.7,53.297326273640365,30.819178178725497,,,,,,,,,,,,,,,,,,,#DIV/0!,#DIV/0!,,,,,,
6,,123.8,53.29821030835284,30.819345783039232,114,98,109,112,118,129,133,113,123,121,,,,,,,,,0.1102,0.1238,поле зеленое,,,,,
6,,123.9,53.29909434306532,30.819513387352963,,,,,,,,,,,,,,,,,,,#DIV/0!,#DIV/0!,,,,,,
6,Уг74,124.0,53.2999783777778,30.819680991666697,,,,,,,,,,,,,,,,,,,#DIV/0!,#DIV/0!,,,,,,
6,,124.1,53.30088534725717,30.819695334016956,,,,,,,,,,,,,,,,,,,#DIV/0!,#DIV/0!,,,,,,
6,,124.2,53.301792316736545,30.819709676367218,,,,,,,,,,,,,,,,,,,#DIV/0!,#DIV/0!,,,,,,
6,,124.3,53.30269928621592,30.819724018717476,,,,,,,,,,,,,,,,,,,#DIV/0!,#DIV/0!,,,,,,
6,,124.4,53.30360625569529,30.819738361067735,,,,,,,,,,,,,,,,,,,#DIV/0!,#DIV/0!,,,,,,
6,,124.5,53.30451322517467,30.819752703417993,101,116,96,112,105,103,128,115,135,121,,,,,,,,,0.106,0.1204,,,,,,
6,,124.6,53.30542019465404,30.819767045768256,,,,,,,,,,,1537,359,45,,,,,,#DIV/0!,#DIV/0!,поле с рапсом отцвевшим,,,,,
6,,124.7,53.306327164133414,30.819781388118514,,,,,,,,,,,,,,,,,,,#DIV/0!,#DIV/0!,,,,,,
6,,124.8,53.30723413361279,30.819795730468773,,,,,,,,,,,,,,,,,,,#DIV/0!,#DIV/0!,,,,,,
6,,124.9,53.30814110309216,30.819810072819035,,,,,,,,,,,,,,,,,,,#DIV/0!,#DIV/0!,,,,,,
6,,125.0,53.309048072571535,30.819824415169293,108,113,144,135,136,172,131,126,138,172,1384,498,63,,,,,,0.1272,0.1478,поле с рапсом отцвевшим,,,,,
6,,125.1,53.30995504205091,30.819838757519552,,,,,,,,,,,,,,,,,,,#DIV/0!,#DIV/0!,,,,,,
6,,125.2,53.31086201153028,30.819853099869814,,,,,,,,,,,,,,,,,,,#DIV/0!,#DIV/0!,,,,,,
6,,125.3,53.311768981009656,30.819867442220072,,,,,,,,,,,,,,,,,,,#DIV/0!,#DIV/0!,,,,,,
6,,125.4,53.31267595048902,30.81988178457033,,,,,,,,,,,,,,,,,,,#DIV/0!,#DIV/0!,,,,,,
6,,125.5,53.3135829199684,30.81989612692059,122,133,114,131,124,103,128,135,133,126,,,,,,,,,0.1248,0.125,,,,,,
6,,125.6,53.31448988944777,30.81991046927085,,,,,,,,,,,,,,,,,,,#DIV/0!,#DIV/0!,,,,,,
6,,125.7,53.315396858927144,30.81992481162111,143,143,140,134,147,137,166,150,171,159,1747,493,62,,,,,,0.1414,0.1566,поле,,,,,
6,,125.8,53.31630382840652,30.81993915397137,,,,,,,,,,,,,,,,,,,#DIV/0!,#DIV/0!,,,,,,
6,,125.9,53.31721079788589,30.81995349632163,,,,,,,,,,,,,,,,,,,#DIV/0!,#DIV/0!,,,,,,
6,,126.0,53.318117767365266,30.81996783867189,,,,,,,,,,,,,,,,,,,#DIV/0!,#DIV/0!,луг,,,,,
6,,126.1,53.31902473684464,30.819982181022148,138,134,120,121,123,140,146,152,146,125,,,,,,,,,0.1272,0.1418,кусты около луга,,,,,
6,Уг75,126.13,53.31929680277779,30.819986483333302,149,119,106,126,112,135,135,140,130,149,1508,415,52,,,,,,0.1224,0.1378,,,,,,
6,,126.2,53.31991680723473,30.820167041815534,,,,,,,,,,,,,,,,,,,#DIV/0!,#DIV/0!,,,,,,
6,,128.8,53.34294464066632,30.826873236596757,95,94,104,86,99,100,104,91,103,106,,,,,,,,,0.0956,0.1008,,,,,,
6,,128.9,53.343830326567534,30.827131167165263,69,95,90,85,84,82,103,82,110,96,1559,304,38,,,,,,0.0846,0.0946,,,,,,
6,,129.0,53.344716012468744,30.82738909773377,,,,,,,,,,,,,,,,,,,#DIV/0!,#DIV/0!,,,,,,
6,,129.1,53.34560169836996,30.82764702830228,,,,,,,,,,,,,,,,,,,#DIV/0!,#DIV/0!,,,,,,
6,,129.2,53.34648738427118,30.82790495887079,,,,,,,,,,,,,,,,,,,#DIV/0!,#DIV/0!,,,,,,
6,,129.3,53.347373070172395,30.828162889439298,,,,,,,,,,,,,,,,,,,#DIV/0!,#DIV/0!,,,,,,
6,Уг76,129.32,53.34755027222221,30.8282144944444,118,109,113,109,130,125,115,126,143,133,1454,505,63,,,,,,0.1158,0.1284,луг разнотравный,,,,,
6,,129.4,53.34820435223545,30.827820733976647,,,,,,,,,,,,,,,,,,,#DIV/0!,#DIV/0!,,,,,,
6,,129.5,53.34902202711237,30.827328488325524,,,,,,,,,,,,,,,,,,,#DIV/0!,#DIV/0!,,,,,,
6,,129.6,53.349839701989296,30.826836242674403,,,,,,,,,,,,,,,,,,,#DIV/0!,#DIV/0!,,,,,,
6,,129.7,53.35065737686622,30.82634399702328,124,136,107,118,87,115,122,116,146,103,1401,422,53,,,,,,0.1144,0.1204,поле разнотравное,,,,,
6,,129.8,53.351475051743144,30.825851751372156,,,,,,,,,,,,,,,,,,,#DIV/0!,#DIV/0!,,,,,,
6,,129.9,53.352292726620064,30.825359505721032,90,84,101,122,68,99,85,71,164,78,,,,,,,,,0.093,0.0994,трасса,,,,,
6,,130.0,53.353110401496984,30.824867260069908,189,198,158,176,172,206,229,221,176,194,1183,620,78,,,,,,0.1786,0.2052,"лесок возле трассы береза, рябина 70",,,,,
6,Уг77,130.05,53.353519263888906,30.8246211222222,,,,,,,,,,,,,,,,,,,#DIV/0!,#DIV/0!,,,,,,
6,,130.1,53.353974505997115,30.824723635165967,,,,,,,,,,,,,,,,,,,#DIV/0!,#DIV/0!,лесок возле поля лиственный 15,,,,,
6,,130.2,53.35488504578848,30.82492867356805,166,102,130,117,119,175,118,115,91,129,1407,1048,132,,,,,,0.1268,0.1256,поле возле леса паханное,,,,,
6,,130.3,53.35579558557984,30.825133711970132,105,94,100,97,116,122,114,119,133,124,1826,325,41,,,,,,0.1024,0.1224,,,,,,
6,,130.4,53.356706125371204,30.825338750372214,,,,,,,,,,,,,,,,,,,#DIV/0!,#DIV/0!,,,,,,
6,,130.5,53.35761666516257,30.825543788774297,81,145,120,83,96,102,153,127,104,113,1554,409,52,,,,,,0.105,0.1198,поле лес сосна береза 5,,,,,
6,,130.6,53.35852720495393,30.82574882717638,,,,,,,,,,,,,,,,,,,#DIV/0!,#DIV/0!,,,,,,
6,,130.7,53.35943774474529,30.825953865578462,,,,,,,,,,,,,,,,,,,#DIV/0!,#DIV/0!,,,,,,
6,,130.8,53.360348284536656,30.826158903980545,91,86,90,85,81,93,103,97,88,89,,,,,,,,,0.0866,0.094,окраина поля,,,,,
6,,130.9,53.36125882432801,30.826363942382628,86,107,94,92,85,92,89,90,95,95,1532,379,47,,,,,,0.0928,0.0922,лесок береза,,,,,
6,,131.0,53.362169364119374,30.826568980784707,98,88,95,95,98,128,113,92,102,107,,,,,,,,,0.0948,0.1084,"окраина леса береза,20",,,,,
6,,131.1,53.36307990391074,30.82677401918679,86,81,99,94,104,124,120,110,119,107,,,,,,,,,0.0928,0.116,,,,,,
6,,131.2,53.3639904437021,30.826979057588872,103,93,100,89,99,100,103,82,95,80,,,,,,,,,0.0968,0.092,поле разнотравное,,,,,
6,Уг78,131.9,53.37036417,30.82841431,,,,,,,,,,,,,,,,,,,,,,,,,,
6,Уг79,132.4,53.37337153,30.8335006,,,,,,,,,,,,,,,,,,,,,,,,,,
6,Уг80,132.92,53.37569009,30.84023488,,,,,,,,,,,,,,,,,,,,,,,,,,
6,,134.3,53.388071118736214,30.840793036987186,106,130,95,157,186,113,148,129,194,217,1426,793,99,,,,,,0.1348,0.1602,лес в поле,,,,,
6,,134.4,53.388968293822984,30.840833483454333,197,248,179,197,203,240,340,187,201,223,,,,,,,,,0.2048,0.2382,"лес, ель, береза, клен, рябина, черника",,,,,
6,,134.5,53.38986546890975,30.840873929921475,,,,,,,,,,,,,,,,,,,#DIV/0!,#DIV/0!,,,,,,
6,,134.6,53.39076264399651,30.84091437638862,,,,,,,,,,,,,,,,,,,#DIV/0!,#DIV/0!,,,,,,
6,,134.7,53.39165981908327,30.840954822855764,120,126,111,169,129,145,150,137,180,162,848,648,81,,,,,,0.131,0.1548,болото,,,,,
6,,134.8,53.39255699417004,30.840995269322907,,,,,,,,,,,,,,,,,,,#DIV/0!,#DIV/0!,,,,,,
6,,134.9,53.393454169256806,30.841035715790053,,,,,,,,,,,,,,,,,,,#DIV/0!,#DIV/0!,,,,,,
6,,135.0,53.39435134434357,30.841076162257195,99,107,125,114,108,115,118,132,127,96,1395,510,64,,,,,,0.1106,0.1176,"кусты из вербы, береза",,,,,
6,,135.1,53.39524851943033,30.84111660872434,,,,,,,,,,,,,,,,,,,#DIV/0!,#DIV/0!,,,,,,
6,,135.2,53.396145694517095,30.841157055191484,,,,,,,,,,,,,,,,,,,#DIV/0!,#DIV/0!,,,,,,
6,,135.3,53.397042869603865,30.84119750165863,,,,,,,,,,,,,,,,,,,#DIV/0!,#DIV/0!,,,,,,
6,,135.4,53.39794004469063,30.841237948125773,100,107,106,112,106,116,119,136,133,127,2387,383,48,,,,,,0.1062,0.1262,поле,,,,,
6,,135.5,53.39883721977739,30.84127839459292,107,105,118,123,121,140,122,140,132,127,,,,,,,,,0.1148,0.1322,поле возле леса,,,,,
6,,135.6,53.399734394864154,30.841318841060062,,,,,,,,,,,,,,,,,,,#DIV/0!,#DIV/0!,,,,,,
6,,135.7,53.400631569950924,30.841359287527204,232,189,214,204,225,270,340,237,273,213,1205,843,105,,,,,,0.2128,0.2666,лес возле дороги,,,,,
6,,135.8,53.40152874503769,30.84139973399435,224,216,216,224,224,238,218,209,241,237,1631,552,69,,,,,,0.2208,0.2286,лес возле дороги,,,,,
6,,135.9,53.40242592012445,30.841440180461493,,,,,,,,,,,,,,,,,,,#DIV/0!,#DIV/0!,,,,,,
6,,136.0,53.40332309521121,30.84148062692864,,,,,,,,,,,,,,,,,,,#DIV/0!,#DIV/0!,,,,,,
6,,136.1,53.40422027029798,30.841521073395782,,,,,,,,,,,,,,,,,,,#DIV/0!,#DIV/0!,,,,,,
6,,136.2,53.40511744538475,30.84156151986293,260,280,280,260,250,360,290,330,320,298,,971.15,,163,341,471,503,,0.266,0.3196,"лес  ель, береза, мало сосны, клен рябина, почва по слоям",,100,,,
6,,136.3,53.40601462047151,30.84160196633007,261,300,280,284,310,370,360,340,293,360,,,,,,,,,0.287,0.3446,,,,,,
6,,136.4,53.40691179555827,30.841642412797217,166,251,290,300,240,133,370,340,300,290,1248,1313,165,,,,,,0.2494,0.2866,вход в лес,,,,,
6,,136.5,53.407808970645036,30.84168285926436,142,158,146,148,145,149,157,154,160,163,,,,,,,,,0.1478,0.1566,поле с горохом,,,,,
6,,136.6,53.408706145731806,30.841723305731502,160,182,180,173,183,188,187,205,181,194,2041,679,86,,,,,,0.1756,0.191,поле с горохом,,,,,
6,,136.7,53.40960332081857,30.84176375219865,,,,,,,,,,,,,,,,,,,#DIV/0!,#DIV/0!,,,,,,
6,,136.8,53.41050049590533,30.84180419866579,,,,,,,,,,,,,,,,,,,#DIV/0!,#DIV/0!,,,,,,
6,,136.9,53.411397670992095,30.841844645132937,,,,,,,,,,,,,,,,,,,#DIV/0!,#DIV/0!,,,,,,
6,,137.0,53.41229484607886,30.84188509160008,,,,,,,,,,,,,,,,,,,#DIV/0!,#DIV/0!,,,,,,
6,,137.1,53.41319202116563,30.841925538067226,138,190,142,195,155,148,204,209,231,190,1388,809,102,,,,,,0.164,0.1964,канава,,,,,
6,,137.2,53.41408919625239,30.84196598453437,,,,,,,,,,,,,,,,,,,#DIV/0!,#DIV/0!,,,,,,
6,,137.3,53.414986371339154,30.842006431001515,,,,,,,,,,,,,,,,,,,#DIV/0!,#DIV/0!,,,,,,
6,Уг81,137.4,53.4158834916667,30.842046875,,,,,,,,,,,,,,,,,,,#DIV/0!,#DIV/0!,,,,,,
6,,137.5,53.41679779478977,30.842342687559213,,,,,,,,,,,,,,,,,,,#DIV/0!,#DIV/0!,,,,,,
6,,137.6,53.41771204211162,30.842638482064565,,,,,,,,,,,,,,,,,,,#DIV/0!,#DIV/0!,,,,,,
6,,137.7,53.41862628943346,30.842934276569913,146,161,169,138,173,164,154,183,173,178,1460,594,74,,,,,,0.1574,0.1704,луг,,,,,
6,,137.8,53.41954053675531,30.843230071075265,,,,,,,,,,,,,,,,,,,#DIV/0!,#DIV/0!,,,,,,
6,,137.9,53.42045478407715,30.843525865580613,,,,,,,,,,,,,,,,,,,#DIV/0!,#DIV/0!,,,,,,
6,,138.0,53.421369031398996,30.843821660085965,219,248,209,220,250,212,280,260,250,300,,,,,,,,,0.2292,0.2604,лесок сосна ольха,,,,,
6,,138.1,53.42228327872083,30.844117454591313,170,171,164,190,148,190,173,176,165,192,1318,660,83,,,,,,0.1686,0.1792,луг перед леском,,,,,
6,,138.2,53.42319752604268,30.844413249096664,,,,,,,,,,,,,,,,,,,#DIV/0!,#DIV/0!,,,,,,
6,,138.3,53.42411177336452,30.844709043602013,,,,,,,,,,,,,,,,,,,#DIV/0!,#DIV/0!,,,,,,
6,,138.4,53.42502602068637,30.845004838107364,,,,,,,,,,,,,,,,,,,#DIV/0!,#DIV/0!,,,,,,
6,,138.5,53.42594026800821,30.845300632612712,,,,,,,,,,,,,,,,,,,#DIV/0!,#DIV/0!,,,,,,
6,Уг82,138.54,53.4263059055556,30.845418930555603,,,,,,,,,,,,,,,,,,,#DIV/0!,#DIV/0!,,,,,,
6,,138.6,53.42682696524554,30.845531457462986,,,,,,,,,,,,,,,,,,,#DIV/0!,#DIV/0!,,,,,,
6,,138.7,53.42769530089727,30.84571898132512,,,,,,,,,,,,,,,,,,,#DIV/0!,#DIV/0!,,,,,,
6,,138.8,53.428563636549,30.845906505187255,,,,,,,,,,,,,,,,,,,#DIV/0!,#DIV/0!,,,,,,
6,Уг82_1,138.85,53.4287653555556,30.845949988888897,,,,,,,,,,,,,,,,,,,#DIV/0!,#DIV/0!,,,,,,
7,Уг82_2,138.85,53.4287653555556,30.845949988888897,175,179,175,183,148,183,191,207,188,171,1294,693,87,,,,,,0.172,0.188,поле разнотравное,,,,,
7,,138.9,53.429431972200724,30.84609402904939,,,,,,,,,,,,,,,,,,,#DIV/0!,#DIV/0!,,,,,,
7,,139.0,53.430300307852455,30.846281552911528,,,,,,,,,,,,,,,,,,,#DIV/0!,#DIV/0!,,,,,,
7,,139.1,53.43116864350418,30.846469076773662,,,,,,,,,,,,,,,,,,,#DIV/0!,#DIV/0!,,,,,,
7,,139.2,53.43203697915591,30.846656600635797,143,152,133,156,183,156,178,177,168,152,1512,583,73,,,,,,0.1534,0.1662,поле пшеничное,,,,,
7,,139.3,53.43290531480764,30.84684412449793,,,,,,,,,,,,,,,,,,,#DIV/0!,#DIV/0!,,,,,,
7,,139.4,53.433773650459365,30.847031648360066,,,,,,,,,,,,,,,,,,,#DIV/0!,#DIV/0!,,,,,,
7,Уг83,139.5,53.434641986111096,30.8472191722222,,,,,,,,,,,,,,,,,,,#DIV/0!,#DIV/0!,,,,,,
7,,139.6,53.4353274507397,30.848043758489062,,,,,,,,,,,,,,,,,,,#DIV/0!,#DIV/0!,,,,,,
7,,139.7,53.4360129153683,30.848868344755925,,,,,,,,,,,,,,,,,,,#DIV/0!,#DIV/0!,,,,,,
7,,139.8,53.43669837999691,30.84969293102279,144,150,124,139,142,155,136,147,135,175,,,,,,,,,0.1398,0.1496,поле пшеничное,,,,,
7,,139.9,53.437383844625515,30.850517517289653,,,,,,,,,,,,,,,,,,,#DIV/0!,#DIV/0!,,,,,,
7,Уг84,139.92,53.437520925,30.8506824194444,,,,,,,,,,,,,,,,,,,#DIV/0!,#DIV/0!,,,,,,
7,,140.0,53.43796943790008,30.851537619666807,,,,,,,,,,,,,,,,,,,#DIV/0!,#DIV/0!,,,,,,
7,,140.1,53.43853006619341,30.8526065954779,,,,,,,,,,,,,,,,,,,#DIV/0!,#DIV/0!,,,,,,
7,,140.2,53.439090694486744,30.853675571288996,,,,,,,,,,,,,,,,,,,#DIV/0!,#DIV/0!,,,,,,
7,,140.3,53.43965132278007,30.85474454710009,140,143,142,112,173,155,137,159,136,163,1255,603,76,,,,,,0.142,0.15,луг разнотравье возле канала,,,,,
7,,140.4,53.44021195107341,30.855813522911184,,,,,,,,,,,,,,,,,,,#DIV/0!,#DIV/0!,,,,,,
7,,140.5,53.440772579366744,30.856882498722282,,,,,,,,,,,,,,,,,,,#DIV/0!,#DIV/0!,,,,,,
7,,140.6,53.44133320766007,30.857951474533376,,,,,,,,,,,,,,,,,,,#DIV/0!,#DIV/0!,,,,,,
7,Уг85,140.64,53.4415574555556,30.858379058333302,145,156,145,165,138,199,184,193,217,139,,,,,,,,,0.1498,0.1864,,,,,,
7,,140.7,53.44202680099939,30.85888458266713,,,,,,,,,,,,,,,,,,,#DIV/0!,#DIV/0!,,,,,,
7,,140.8,53.44280903544841,30.859727114652834,,,,,,,,,,,,,,,,,,,#DIV/0!,#DIV/0!,,,,,,
7,,140.9,53.44359126989743,30.860569646638535,,,,,,,,,,,,,,,,,,,#DIV/0!,#DIV/0!,,,,,,
7,,141.0,53.44437350434645,30.86141217862424,181,178,174,170,149,187,178,172,184,206,1020,716,90,,,,,,0.1704,0.1854,полеразнотравное,,,,,
7,,141.1,53.44515573879547,30.86225471060994,180,182,150,145,136,203,194,187,155,171,,,,,,,,,0.1586,0.182,поле пшеничное,,,,,
7,,141.2,53.44593797324448,30.863097242595643,,,,,,,,,,,,,,,,,,,#DIV/0!,#DIV/0!,,,,,,
7,,141.3,53.4467202076935,30.863939774581343,,,,,,,,,,,,,,,,,,,#DIV/0!,#DIV/0!,,,,,,
7,,141.4,53.44750244214252,30.864782306567047,,,,,,,,,,,,,,,,,,,#DIV/0!,#DIV/0!,,,,,,
7,,141.5,53.44828467659154,30.865624838552748,160,136,142,130,139,165,147,180,161,168,,,,,,,,,0.1414,0.1642,поле,,,,,
7,,141.6,53.44906691104056,30.86646737053845,,,,,,,,,,,,,,,,,,,#DIV/0!,#DIV/0!,,,,,,
7,,141.7,53.44984914548958,30.867309902524152,135,150,104,140,120,133,157,154,145,122,1405,472,59,,,,,,0.1298,0.1422,поле пшеничное,,,,,
7,,141.8,53.4506313799386,30.868152434509856,,,,,,,,,,,,,,,,,,,#DIV/0!,#DIV/0!,,,,,,
7,,141.9,53.45141361438761,30.86899496649556,,,,,,,,,,,,,,,,,,,#DIV/0!,#DIV/0!,,,,,,
7,,142.0,53.45219584883663,30.86983749848126,,,,,,,,,,,,,,,,,,,#DIV/0!,#DIV/0!,,,,,,
7,,142.1,53.45297808328565,30.870680030466964,,,,,,,,,,,,,,,,,,,#DIV/0!,#DIV/0!,,,,,,
7,,142.2,53.45376031773467,30.871522562452665,,,,,,,,,,,,,,,,,,,#DIV/0!,#DIV/0!,,,,,,
7,,142.3,53.45454255218369,30.87236509443837,,,,,,,,,,,,,,,,,,,#DIV/0!,#DIV/0!,,,,,,
7,Уг86,142.4,53.455324738888905,30.873207575,116,115,131,123,122,126,123,138,126,120,,,,,,,,,0.1214,0.1266,,,,,,
7,,142.5,53.45610832996448,30.873934315187768,150,127,153,160,138,160,157,172,156,159,,,,,,,,,0.1456,0.1608,,,,,,
7,,142.6,53.456891873216364,30.87466101102154,,,,,,,,,,,,,,,,,,,#DIV/0!,#DIV/0!,,,,,,
7,,142.7,53.457675416468255,30.875387706855317,,,,,,,,,,,,,,,,,,,#DIV/0!,#DIV/0!,,,,,,
7,,142.8,53.45845895972014,30.87611440268909,,,,,,,,,,,,,,,,,,,#DIV/0!,#DIV/0!,,,,,,
7,,142.9,53.45924250297203,30.876841098522867,179,169,157,157,149,198,187,180,186,182,1676,695,87,,,,,,0.1622,0.1866,поле с пшеницей,,,,,
7,,143.0,53.460026046223916,30.87756779435664,230,250,210,215,280,400,270,230,251,320,,,,,,,,,0.237,0.2942,,,,,,
7,,143.1,53.46080958947581,30.878294490190417,280,290,280,340,270,310,340,300,360,320,917,1256,158,,,,,,0.292,0.326,,,,,,
7,,143.2,53.46159313272769,30.87902118602419,,,,,,,,,,,,,,,,,,,#DIV/0!,#DIV/0!,,,,,,
7,,143.3,53.462376675979584,30.879747881857966,310,420,310,380,350,400,530,380,490,430,1026,1464,184,,,,,,0.354,0.446,"лес еловый, береза",,,,,
7,,143.4,53.46316021923147,30.88047457769174,,,,,,,,,,,,,,,,,,,#DIV/0!,#DIV/0!,,,,,,
7,,143.5,53.46394376248336,30.881201273525516,300,390,340,310,280,400,500,440,340,199,779,2717,342,,,,,,0.324,0.3758,вырубка+леселовый,,,,,
7,,143.6,53.464727305735245,30.88192796935929,,,,,,,,,,,,,,,,,,,#DIV/0!,#DIV/0!,,,,,,
7,,143.7,53.46551084898714,30.882654665193066,225,222,207,201,223,235,233,234,207,208,,,,,,,,,0.2156,0.2234,"непроходимый ельник, сосняк искуствен ",,,,,
7,,143.8,53.46629439223902,30.883381361026842,,,,,,,,,,,,,,,,,,,#DIV/0!,#DIV/0!,,,,,,
7,,143.9,53.46707793549091,30.884108056860615,400,440,420,430,500,530,530,510,450,620,1146,2292,289,,,,,,0.438,0.528,"ельник чистый, керны",,,,,
7,,144.0,53.4678614787428,30.884834752694392,,,,,,,,,,,,,,,,,,,#DIV/0!,#DIV/0!,,,,,,
7,,144.1,53.46864502199469,30.885561448528165,440,460,490,450,420,590,480,600,520,460,,,,,,,,,0.452,0.53,"ель, сосна, береза 100",,,,,
7,,144.2,53.469428565246574,30.88628814436194,229,235,203,224,211,224,252,205,239,240,1488,982,117,,,,,,0.2204,0.232,редкий молодой участок с березой и елью,,,,,
7,,144.3,53.470212108498465,30.887014840195715,,,,,,,,,,,,,,,,,,,#DIV/0!,#DIV/0!,,,,,,
7,,144.4,53.47099565175035,30.88774153602949,510,470,520,420,540,570,530,570,510,530,1489,1747,220,,,,,,0.492,0.542,"еловый 100, кисличный",,,,,
7,,144.5,53.47177919500224,30.888468231863264,,,,,,,,,,,,,,,,,,,#DIV/0!,#DIV/0!,,,,,,
7,,144.6,53.472562738254126,30.88919492769704,470,490,440,400,460,580,560,520,480,470,870,2956,369,,,,,,0.452,0.522,"лес еловый, береза, сосна 50",,,,,
7,,144.7,53.47334628150601,30.889921623530814,,,,,,,,,,,,,,,,,,,#DIV/0!,#DIV/0!,,,,,,
7,,144.8,53.4741298247579,30.89064831936459,440,390,390,380,430,550,450,460,460,590,1244,1213,153,,,,,,0.406,0.502,еловый молодой,,,,,
7,,144.9,53.47491336800979,30.891375015198363,,,,,,,,,,,,,,,,,,,#DIV/0!,#DIV/0!,,,,,,
7,,145.0,53.47569691126168,30.89210171103214,470,410,330,490,420,520,450,350,630,400,1750,1165,147,,,,,,0.424,0.47,вырубка,,,,,
7,,145.1,53.47648045451356,30.892828406865913,,,,,,,,,,,,,,,,,,,#DIV/0!,#DIV/0!,,,,,,
7,,145.2,53.477263997765455,30.89355510269969,430,420,420,430,470,770,400,330,640,660,1627,1635,206,,,,,,0.434,0.56,перекресток дорог,,,,,
7,,145.3,53.47804754101734,30.894281798533463,,,,,,,,,,,,,,,,,,,#DIV/0!,#DIV/0!,,,,,,
7,,145.4,53.47883108426923,30.89500849436724,550,510,480,460,470,640,580,500,570,420,1253,1845,232,,,,,,0.494,0.542,"вырубка с лесом береза, сосна 50",,,,,
7,,145.5,53.479614627521116,30.895735190201012,,,,,,,,,,,,,,,,,,,#DIV/0!,#DIV/0!,,,,,,
7,,145.6,53.48039817077301,30.89646188603479,600,650,720,580,570,780,770,770,640,600,1668,1305,164,,,,,,0.624,0.712,лес возле просеки,,,,,
7,,145.7,53.48118171402489,30.897188581868562,,,,,,,,,,,,,,,,,,,#DIV/0!,#DIV/0!,,,,,,
7,Уг87,145.77,53.481730227777796,30.8976973,510,490,520,480,470,690,530,610,670,520,1172,1571,198,,,,,,0.494,0.604,"лес после лэп сосна, береза 80",,,,,
7,,145.8,53.48199896432549,30.897868365373633,225,290,280,440,440,219,330,340,520,490,,,,,,,,,0.335,0.3798,лэп,,,,,
7,,145.9,53.482894880410015,30.898438664505093,650,560,650,750,670,710,640,920,1070,780,1584,1766,222,,,,,,0.656,0.824,"лес перед лэп, сосна,ель, рябина 80",,,,,
7,Уг88,145.92,53.4830740472222,30.898552713888897,,,,,,,,,,,,,,,,,,,#DIV/0!,#DIV/0!,,,,,,
7,,146.0,53.48343952138332,30.89958865059019,660,670,680,650,600,810,860,790,830,930,,2397.9,,89.6,322,526,495,,0.652,0.844,"после болота сосна, береза, рябина 50 отбор по слоям",,,,,
7,,146.1,53.48389635362865,30.900883541829092,,,,,,,,,,,,,,,,,,,#DIV/0!,#DIV/0!,,,,,,
7,,146.2,53.484353185873985,30.902178433068,380,350,320,440,400,430,400,380,430,320,1220,1506,188,,,,,,0.378,0.392,березы на болоте,,,,,
7,,146.3,53.48481001811932,30.903473324306905,,,,,,,,,,,,,,,,,,,#DIV/0!,#DIV/0!,,,,,,
7,,146.4,53.48526685036465,30.90476821554581,,,,,,,,,,,,,,,,,,,#DIV/0!,#DIV/0!,,,,,,
7,,146.5,53.485723682609986,30.906063106784714,,,,,,,,,,,,,,,,,,,#DIV/0!,#DIV/0!,,,,,,
7,,146.6,53.48618051485532,30.90735799802362,320,310,290,260,230,380,360,310,310,290,,,,,,,,,0.282,0.33,болото непроходимое,,,,,
7,,146.7,53.486637347100654,30.908652889262527,490,420,460,440,400,560,460,470,670,530,1268,1896,237,,,,,,0.442,0.538,,,,,,
7,,146.8,53.48709417934599,30.909947780501433,,,,,,,,,,,,,,,,,,,#DIV/0!,#DIV/0!,,,,,,
7,,146.9,53.48755101159132,30.911242671740336,660,570,410,640,690,680,660,780,880,800,1722,1235,154,,,,,,0.594,0.76,"сосна,береза, крушина 50",,,,,
7,,147.0,53.488007843836655,30.912537562979242,,,,,,,,,,,,,,,,,,,#DIV/0!,#DIV/0!,,,,,,
7,,147.1,53.48846467608198,30.91383245421815,610,620,690,760,640,660,750,740,790,790,,1741.4,,264,465,494,441,,0.664,0.746,"сосна, ель, береза50",,,,,
7,,147.2,53.488921508327316,30.91512734545705,,,,,,,,,,,,,,,,,,,#DIV/0!,#DIV/0!,,,,,,
7,,147.3,53.48937834057265,30.916422236695958,,,,,,,,,,,,,,,,,,,#DIV/0!,#DIV/0!,,,,,,
7,,147.4,53.48983517281798,30.917717127934864,530,510,510,560,510,650,590,580,600,720,,1893.6,,167.6,412,559,512,,0.524,0.628,"сосна, ель, береза черничный 50",,,,,
7,,147.5,53.49029200506332,30.91901201917377,,,,,,,,,,,,,,,,,,,#DIV/0!,#DIV/0!,,,,,,
7,,147.6,53.49074883730865,30.920306910412673,490,560,510,530,510,580,590,690,520,610,1281,1765,221,,,,,,0.52,0.598,"береза, ель, клен 50",,,,,
7,,147.7,53.491205669553985,30.92160180165158,,,,,,,,,,,,,,,,,,,#DIV/0!,#DIV/0!,,,,,,
7,,147.8,53.49166250179932,30.922896692890486,580,590,580,650,620,680,710,700,730,690,1448,2862,358,,,,,,0.604,0.702,"сосна, дуб, клен60",,,,,
7,,147.9,53.49211933404465,30.924191584129392,,,,,,,,,,,,,,,,,,,#DIV/0!,#DIV/0!,,,,,,
7,,148.0,53.492576166289986,30.925486475368295,600,540,500,550,560,620,770,720,640,620,1450,1569,196,,,,,,0.55,0.674,"сосняк, клен ,ель 80",,,,,
7,,148.1,53.49303299853532,30.9267813666072,,,,,,,,,,,,,,,,,,,#DIV/0!,#DIV/0!,,,,,,
7,,148.2,53.49348983078065,30.928076257846108,430,440,460,470,480,520,450,520,610,490,1402,1502,188,,,,,,0.456,0.518,,,,,,
7,,148.3,53.49394666302599,30.929371149085014,,,,,,,,,,,,,,,,,,,#DIV/0!,#DIV/0!,,,,,,
7,,148.4,53.49440349527132,30.930666040323917,540,500,440,450,490,610,570,720,510,560,1721,1422,178,,,,,,0.484,0.594,вырубка,,,,,
7,,148.5,53.494860327516655,30.931960931562823,,,,,,,,,,,,,,,,,,,#DIV/0!,#DIV/0!,,,,,,
7,,148.6,53.49531715976199,30.93325582280173,520,460,490,450,430,590,580,550,540,360,1325,1769,221,,,,,,0.47,0.524,дорога между сосняком и молодым березняком,,,,,
7,,148.7,53.49577399200732,30.934550714040636,,,,,,,,,,,,,,,,,,,#DIV/0!,#DIV/0!,,,,,,
7,Уг89,148.74,53.49595675,30.935068741666697,430,540,450,510,470,630,550,590,550,670,,1412.65,,240,505,500,560,,0.48,0.598,"сосна, дуб, ель, крушина, лещина, рябина, мшистый 80 керны, слоипочва",,,,,
7,,148.8,53.49641363891565,30.9355468905996,,,,,,,,,,,,,,,,,,,#DIV/0!,#DIV/0!,,,,,,
7,,148.9,53.49717519016383,30.936343878454185,460,420,490,460,600,480,480,530,430,630,1399,2382,300,,,,,,0.486,0.51,"сосна, ель дуб 80",,,,,
7,,149.0,53.497936741412005,30.93714086630877,,,,,,,,,,,,,,,,,,,#DIV/0!,#DIV/0!,,,,,,
7,,149.1,53.49869829266019,30.937937854163355,400,440,450,440,570,460,580,510,440,630,1283,1752,220,,,,,,0.46,0.524,"сосна, дуб, береза 80",,,,,
7,,149.2,53.49945984390837,30.93873484201794,,,,,,,,,,,,,,,,,,,#DIV/0!,#DIV/0!,,,,,,
7,,149.3,53.50022139515655,30.939531829872525,420,430,460,510,460,550,480,480,470,540,1454,1682,212,,,,,,0.456,0.504,"сосна, добыча смолы, дуб",,,,,
7,,149.4,53.50098294640473,30.94032881772711,,,,,,,,,,,,,,,,,,,#DIV/0!,#DIV/0!,,,,,,
7,,149.5,53.501744497652915,30.941125805581695,470,490,460,500,520,510,560,680,610,550,1552,1729,218,,,,,,0.488,0.582,"ель, дуб, клен, 100 ",,,,,
7,,149.6,53.50250604890109,30.941922793436284,,,,,,,,,,,,,,,,,,,#DIV/0!,#DIV/0!,,,,,,
7,,149.7,53.50326760014927,30.94271978129087,520,590,370,490,420,670,750,390,570,450,1552,1439,181,,,,,,0.478,0.566,,,,,,
7,,149.8,53.504029151397454,30.943516769145454,,,,,,,,,,,,,,,,,,,#DIV/0!,#DIV/0!,,,,,,
7,,149.9,53.504790702645636,30.94431375700004,540,540,490,500,560,630,520,570,550,580,1621,1838,232,,,,,,0.526,0.57,березняк с дубом,,,,,
7,,150.5,53.50936001,30.94909568,378,378,343,350,392,441,364,399,385,406,,,,,,,,,0.3682,0.399,,,,,,
7,,150.9,53.51240622,30.95228364,270,270,245,250,280,315,260,285,275,290,,,,,,,,,0.263,0.285,,,,,,
7,,151.3,53.51545242,30.95547159,216,216,196,200,224,252,208,228,220,232,,,,,,,,,0.2104,0.228,,,,,,
6,скз-14,,53.34337384444451,30.8263059861111,91,79,92,104,94,90,86,99,121,98,1431,244,31,,,,,,0.092,0.0988,поле разнотравное,,,,,
6,Поле заземления,,53.343000777777796,30.8313484527778,88,101,104,105,118,105,125,85,91,110,1362,300,38,,,,,,0.1032,0.1032,луг,,,,,
6,Кабель начало,,53.34337384444451,30.8263059861111,,,,,,,,,,,,,,,,,,,#DIV/0!,#DIV/0!,,,,,,
6,Кабель конец,,53.3428556333333,30.8313484527778,,,,,,,,,,,,,,,,,,,#DIV/0!,#DIV/0!,,,,,,
6,ВЛ начало,,53.34337384444451,30.8263059861111,,,,,,,,,,,,,,,,,,,#DIV/0!,#DIV/0!,,,,,,
6,Вл конец,,53.34456405,30.8228307722222,110,104,97,123,100,122,105,109,140,127,1532,344,43,,,,,,0.1068,0.1206,поле с пшеницей,,,,,
6,скз-15,,53.4271255583333,30.847037486111102,188,155,147,129,138,210,195,163,142,115,,,,,,,,,0.1514,0.165,луг разнотравный ,,,,,
6,Поле заземления,,53.427741322222204,30.8504178583333,144,126,142,160,145,179,166,167,183,186,1390,534,67,,,,,,0.1434,0.1762,поле с рапсом,,,,,
6,Кабель начало,,53.4271255583333,30.847037486111102,,,,,,,,,,,,,,,,,,,#DIV/0!,#DIV/0!,,,,,,
6,Кабель конец,,53.427741322222204,30.8504178583333,,,,,,,,,,,,,,,,,,,#DIV/0!,#DIV/0!,,,,,,
6,ВЛ начало,,53.4271255583333,30.847037486111102,,,,,,,,,,,,,,,,,,,#DIV/0!,#DIV/0!,,,,,,
6,Вл конец,,53.428721575,30.8472655083333,171,158,138,147,165,183,185,182,166,177,,,,,,,,,0.1558,0.1786,,,,,,
7,СКЗ-16,,53.458641683333305,30.877542505555603,,,,,,,,,,,,,,,,,,,#DIV/0!,#DIV/0!,,,,,,
7,Поле заземления,,53.4571791527778,30.879967525,160,187,183,184,164,188,198,188,196,,,,,,,,,,0.1756,0.1925,,,,,,
7,Кабель начало,,53.458641683333305,30.877542505555603,,,,,,,,,,,,,,,,,,,#DIV/0!,#DIV/0!,,,,,,
7,Кабель конец,,53.4571791527778,30.879967525,,,,,,,,,,,,,,,,,,,#DIV/0!,#DIV/0!,,,,,,
7,ВЛ начало,,53.458641683333305,30.877542505555603,,,,,,,,,,,,,,,,,,,#DIV/0!,#DIV/0!,,,,,,
7,ВЛ конец,,53.457649013888904,30.8716892611111,136,105,147,150,228,215,100,166,174,232,1009,916,115,,,,,,0.1532,0.1774,дорога лес и поле,,,,,
